التاريخ,المنتج,إعجابات,تعليقات,النسبة,الرابط,الحكم
24‏/1‏/2026,"منتج مكتشف",3479,3414,98.1%,https://www.facebook.com/profile.php?id=61583954930068,✅ ناجح
24‏/1‏/2026,"منتج مكتشف",3413,3085,90.4%,https://www.facebook.com/AlahlyEgyptFc,✅ ناجح
24‏/1‏/2026,"منتج مكتشف",939,810,86.3%,https://www.facebook.com/profile.php?id=61560025026645,✅ ناجح
24‏/1‏/2026,"منتج مكتشف",13438,2060,15.3%,https://cutt.ly/qF5gfT9,✅ ناجح
24‏/1‏/2026,"منتج مكتشف",1132,959,84.7%,https://www.facebook.com/profile.php?id=100063914565542,✅ ناجح
24‏/1‏/2026,"منتج مكتشف",2153,1947,90.4%,https://www.facebook.com/profile.php?id=100067115685263,✅ ناجح
24‏/1‏/2026,"منتج مكتشف",3963,3275,82.6%,https://www.facebook.com/TheQuran131,✅ ناجح
24‏/1‏/2026,"منتج مكتشف",2549,2337,91.7%,https://www.facebook.com/profile.php?id=61558119583709,✅ ناجح
24‏/1‏/2026,"منتج مكتشف",2390,2075,86.8%,https://www.facebook.com/profile.php?id=61555334579607,✅ ناجح
24‏/1‏/2026,"منتج مكتشف",3228,2893,89.6%,https://www.facebook.com/3ASHE2.Byebky,✅ ناجح
24‏/1‏/2026,"منتج مكتشف",1542,1420,92.1%,https://www.facebook.com/aml676,✅ ناجح
24‏/1‏/2026,"منتج مكتشف",597,539,90.3%,https://www.facebook.com/GemarStx1,✅ ناجح